{
  "translation": [98938.6966571146, 84366.73256452008, 51161.83312541864],
  "rotation_matrix": [
    0.9830762086937761, 0.182861781127032, 0.0, -0.182861781127032,
    0.9830762086937761, -0.0, -0.0, 0.0, 0.9999386296651807
  ],
  "scale": 0.9999386296651807,
  "full_dataset": "LADAF-2020-27_heart_complete-organ_19.89um_bm18",
  "roi_datset": "LADAF-2020-27_heart_ROI-02_6.5um_bm18",
  "full_size": [26, 26, 32],
  "roi_size": [78, 78, 96]
}
