{
  "translation": [98934.33116256636, 84368.38714125623, 51163.3758594832],
  "rotation_matrix": [
    0.9858507903741667, 0.16763484449564642, 0.0, -0.16763484449564642,
    0.9858507903741667, -0.0, -0.0, 0.0, 1.0000016109839267
  ],
  "scale": 1.0000016109839267,
  "full_dataset": "LADAF-2020-27_heart_complete-organ_19.89um_bm18",
  "roi_datset": "LADAF-2020-27_heart_ROI-02_6.5um_bm18",
  "full_size": [66, 66, 32],
  "roi_size": [202, 202, 96]
}
