{
  "translation": [38898.99835861538, 42627.19608856837, 60023.6183943918],
  "rotation_matrix": [
    0.9528327511439584, -0.30351306532667516, 0.0, 0.30351306532667516,
    0.9528327511439584, 0.0, 0.0, 0.0, 1.000005216224675
  ],
  "scale": 1.000005216224675,
  "full_dataset": "A135_lung_complete-organ_10.005um_bm18",
  "roi_datset": "A135_lung_VOI-01_2.0um_bm18",
  "full_size": [56, 56, 32],
  "roi_size": [280, 280, 160]
}
