{
  "translation": [38900.150118814076, 42625.05578328751, 60025.75228170265],
  "rotation_matrix": [
    0.9997155359474885, 0.02470334945119933, 0.0, -0.02470334945119933,
    0.9997155359474885, -0.0, -0.0, 0.0, 1.0000207039301148
  ],
  "scale": 1.0000207039301148,
  "full_dataset": "A135_lung_complete-organ_10.005um_bm18",
  "roi_datset": "A135_lung_VOI-01_2.0um_bm18",
  "full_size": [42, 42, 32],
  "roi_size": [210, 210, 160]
}
