{
  "translation": [98933.60491619135, 84370.12303396042, 51162.01530431377],
  "rotation_matrix": [
    0.9854463956411724, 0.16999021173791548, 0.0, -0.16999021173791548,
    0.9854463956411724, -0.0, -0.0, 0.0, 1.000000635384238
  ],
  "scale": 1.000000635384238,
  "full_dataset": "LADAF-2020-27_heart_complete-organ_19.89um_bm18",
  "roi_datset": "LADAF-2020-27_heart_ROI-02_6.5um_bm18",
  "full_size": [94, 94, 32],
  "roi_size": [286, 286, 96]
}
