{
  "translation": [25620.721922928456, 30503.09369694917, 22704.242123909786],
  "rotation_matrix": [
    1.0000159922691307, -0.004465263660335127, 0.0, 0.004465263660335127,
    1.0000159922691307, 0.0, 0.0, 0.0, 1.0000259613497893
  ],
  "scale": 1.0000259613497893,
  "full_dataset": "LADAF-2020-27_kidney_left_complete-organ_25.08um_bm05",
  "roi_datset": "LADAF-2020-27_kidney_left_central-column_6.05um_bm05",
  "full_size": [32, 32, 32],
  "roi_size": [134, 134, 132]
}
