{
  "translation": [25631.5194306562, 30492.533119197065, 22711.595164204755],
  "rotation_matrix": [
    1.000000486682533, 0.0012694964296858556, 0.0, -0.0012694964296858556,
    1.000000486682533, -0.0, -0.0, 0.0, 1.0000012924924087
  ],
  "scale": 1.0000012924924087,
  "full_dataset": "LADAF-2020-27_kidney_left_complete-organ_25.08um_bm05",
  "roi_datset": "LADAF-2020-27_kidney_left_central-column_6.05um_bm05",
  "full_size": [82, 82, 32],
  "roi_size": [340, 340, 132]
}
