{
  "translation": [98933.65675662705, 84371.37196983959, 51161.725543024026],
  "rotation_matrix": [
    0.9854033968992865, 0.1702388705678144, 0.0, -0.1702388705678144,
    0.9854033968992865, -0.0, -0.0, 0.0, 1.00000056383627
  ],
  "scale": 1.00000056383627,
  "full_dataset": "LADAF-2020-27_heart_complete-organ_19.89um_bm18",
  "roi_datset": "LADAF-2020-27_heart_ROI-02_6.5um_bm18",
  "full_size": [82, 82, 32],
  "roi_size": [250, 250, 96]
}
