{
  "translation": [25623.228322967243, 30500.66875638201, 22704.489805458634],
  "rotation_matrix": [
    1.000008713393991, 0.0010095892587945188, 0.0, -0.0010095892587945188,
    1.000008713393991, -0.0, -0.0, 0.0, 1.0000092230246562
  ],
  "scale": 1.0000092230246562,
  "full_dataset": "LADAF-2020-27_kidney_left_complete-organ_25.08um_bm05",
  "roi_datset": "LADAF-2020-27_kidney_left_central-column_6.05um_bm05",
  "full_size": [46, 46, 32],
  "roi_size": [192, 192, 132]
}
