{
  "translation": [38955.54388071343, 42568.48343714404, 60018.7974267079],
  "rotation_matrix": [
    1.00004273710036, 0.0026865476575057097, 0.0, -0.0026865476575057097,
    1.00004273710036, -0.0, -0.0, 0.0, 1.0000463457087854
  ],
  "scale": 1.0000463457087854,
  "full_dataset": "A135_lung_complete-organ_10.005um_bm18",
  "roi_datset": "A135_lung_VOI-01_2.0um_bm18",
  "full_size": [72, 72, 32],
  "roi_size": [360, 360, 160]
}
