{
  "translation": [98935.63217375039, 84366.37460244523, 51163.13693425299],
  "rotation_matrix": [
    0.9847145324682273, 0.1743698949355109, 0.0, -0.1743698949355109,
    0.9847145324682273, -0.0, -0.0, 0.0, 1.0000337847862644
  ],
  "scale": 1.0000337847862644,
  "full_dataset": "LADAF-2020-27_heart_complete-organ_19.89um_bm18",
  "roi_datset": "LADAF-2020-27_heart_ROI-02_6.5um_bm18",
  "full_size": [32, 32, 32],
  "roi_size": [98, 98, 96]
}
