{
  "translation": [98932.20713099628, 84371.77268120529, 51162.55494627474],
  "rotation_matrix": [
    0.9856319102686025, 0.16890686630122073, 0.0, -0.16890686630122073,
    0.9856319102686025, -0.0, -0.0, 0.0, 0.9999998960117111
  ],
  "scale": 0.9999998960117111,
  "full_dataset": "LADAF-2020-27_heart_complete-organ_19.89um_bm18",
  "roi_datset": "LADAF-2020-27_heart_ROI-02_6.5um_bm18",
  "full_size": [120, 120, 32],
  "roi_size": [366, 366, 96]
}
