{
  "translation": [25622.405154065804, 30501.389308030546, 22705.142277641833],
  "rotation_matrix": [
    1.0000033957080332, 0.0016894755608961119, 0.0, -0.0016894755608961119,
    1.0000033957080332, -0.0, -0.0, 0.0, 1.0000048228660041
  ],
  "scale": 1.0000048228660041,
  "full_dataset": "LADAF-2020-27_kidney_left_complete-organ_25.08um_bm05",
  "roi_datset": "LADAF-2020-27_kidney_left_central-column_6.05um_bm05",
  "full_size": [44, 44, 32],
  "roi_size": [182, 182, 132]
}
