{
  "translation": [25627.84797063269, 30499.911634995653, 22706.785307294747],
  "rotation_matrix": [
    1.0000091978899999, 0.0006136819829373998, 0.0, -0.0006136819829373998,
    1.0000091978899999, -0.0, -0.0, 0.0, 1.0000093861910382
  ],
  "scale": 1.0000093861910382,
  "full_dataset": "LADAF-2020-27_kidney_left_complete-organ_25.08um_bm05",
  "roi_datset": "LADAF-2020-27_kidney_left_central-column_6.05um_bm05",
  "full_size": [70, 70, 32],
  "roi_size": [290, 290, 132]
}
