{
  "translation": [98935.4552002648, 84367.4216633905, 51162.85961053342],
  "rotation_matrix": [
    0.9856062465832492, 0.16908269962117675, 0.0, -0.16908269962117675,
    0.9856062465832492, -0.0, -0.0, 0.0, 1.0000043162982377
  ],
  "scale": 1.0000043162982377,
  "full_dataset": "LADAF-2020-27_heart_complete-organ_19.89um_bm18",
  "roi_datset": "LADAF-2020-27_heart_ROI-02_6.5um_bm18",
  "full_size": [38, 38, 32],
  "roi_size": [116, 116, 96]
}
