{
  "translation": [38953.85570590336, 42567.16603970452, 60017.003309927975],
  "rotation_matrix": [
    0.9999832519302799, 0.004748514902446601, 0.0, -0.004748514902446601,
    0.9999832519302799, -0.0, -0.0, 0.0, 0.9999945262524373
  ],
  "scale": 0.9999945262524373,
  "full_dataset": "A135_lung_complete-organ_10.005um_bm18",
  "roi_datset": "A135_lung_VOI-01_2.0um_bm18",
  "full_size": [90, 90, 32],
  "roi_size": [450, 450, 160]
}
