{
  "translation": [25632.059434317252, 30493.386820554428, 22711.039641597286],
  "rotation_matrix": [
    0.9999998435390417, 0.001994270216385645, 0.0, -0.001994270216385645,
    0.9999998435390417, -0.0, -0.0, 0.0, 1.0000018320942237
  ],
  "scale": 1.0000018320942237,
  "full_dataset": "LADAF-2020-27_kidney_left_complete-organ_25.08um_bm05",
  "roi_datset": "LADAF-2020-27_kidney_left_central-column_6.05um_bm05",
  "full_size": [80, 80, 32],
  "roi_size": [332, 332, 132]
}
