{
  "translation": [25631.30415574903, 30496.954560149174, 22707.70339010896],
  "rotation_matrix": [
    0.9999995952262807, -0.001715208704614878, 0.0, 0.001715208704614878,
    0.9999995952262807, 0.0, 0.0, 0.0, 1.0000010661962444
  ],
  "scale": 1.0000010661962444,
  "full_dataset": "LADAF-2020-27_kidney_left_complete-organ_25.08um_bm05",
  "roi_datset": "LADAF-2020-27_kidney_left_central-column_6.05um_bm05",
  "full_size": [56, 56, 32],
  "roi_size": [232, 232, 132]
}
