{
  "translation": [38954.467446701485, 42568.11705639143, 60018.47530142859],
  "rotation_matrix": [
    0.9999904337892221, 0.005498045124481988, 0.0, -0.005498045124481988,
    0.9999904337892221, -0.0, -0.0, 0.0, 1.0000055480696832
  ],
  "scale": 1.0000055480696832,
  "full_dataset": "A135_lung_complete-organ_10.005um_bm18",
  "roi_datset": "A135_lung_VOI-01_2.0um_bm18",
  "full_size": [62, 62, 32],
  "roi_size": [310, 310, 160]
}
