{
  "translation": [98933.73873291744, 84369.57079545739, 51162.41442792736],
  "rotation_matrix": [
    0.9856768085301312, 0.16859081084053001, 0.0, -0.16859081084053001,
    0.9856768085301312, -0.0, -0.0, 0.0, 0.9999908161448345
  ],
  "scale": 0.9999908161448345,
  "full_dataset": "LADAF-2020-27_heart_complete-organ_19.89um_bm18",
  "roi_datset": "LADAF-2020-27_heart_ROI-02_6.5um_bm18",
  "full_size": [60, 60, 32],
  "roi_size": [182, 182, 96]
}
