{
  "translation": [98932.36569279892, 84369.49075661419, 51162.7588943736],
  "rotation_matrix": [
    0.9854841855311085, 0.16977172760461998, 0.0, -0.16977172760461998,
    0.9854841855311085, -0.0, -0.0, 0.0, 1.0000007597125962
  ],
  "scale": 1.0000007597125962,
  "full_dataset": "LADAF-2020-27_heart_complete-organ_19.89um_bm18",
  "roi_datset": "LADAF-2020-27_heart_ROI-02_6.5um_bm18",
  "full_size": [118, 118, 32],
  "roi_size": [360, 360, 96]
}
