{
  "translation": [38896.28434530759, 42628.78803938087, 60035.99293846234],
  "rotation_matrix": [
    0.8106257129846075, 0.585580881916045, 0.0, -0.585580881916045,
    0.8106257129846075, -0.0, -0.0, 0.0, 1.0000095078634883
  ],
  "scale": 1.0000095078634883,
  "full_dataset": "A135_lung_complete-organ_10.005um_bm18",
  "roi_datset": "A135_lung_VOI-01_2.0um_bm18",
  "full_size": [30, 30, 32],
  "roi_size": [150, 150, 160]
}
