{
  "translation": [98933.70236044248, 84369.7915474347, 51163.73390634641],
  "rotation_matrix": [
    0.9861396776403395, 0.16588856059570892, 0.0, -0.16588856059570892,
    0.9861396776403395, -0.0, -0.0, 0.0, 0.9999952391652217
  ],
  "scale": 0.9999952391652217,
  "full_dataset": "LADAF-2020-27_heart_complete-organ_19.89um_bm18",
  "roi_datset": "LADAF-2020-27_heart_ROI-02_6.5um_bm18",
  "full_size": [56, 56, 32],
  "roi_size": [170, 170, 96]
}
