{
  "translation": [38899.06798089191, 42629.461333412386, 60035.12116731624],
  "rotation_matrix": [
    0.7230539382328387, 0.6908235254409818, 0.0, -0.6908235254409818,
    0.7230539382328387, -0.0, -0.0, 0.0, 1.0000220702048153
  ],
  "scale": 1.0000220702048153,
  "full_dataset": "A135_lung_complete-organ_10.005um_bm18",
  "roi_datset": "A135_lung_VOI-01_2.0um_bm18",
  "full_size": [26, 26, 32],
  "roi_size": [130, 130, 160]
}
