{
  "translation": [38954.35134343904, 42567.35439973077, 60016.3380070068],
  "rotation_matrix": [
    0.9999741820357977, 0.005961141042429556, 0.0, -0.005961141042429556,
    0.9999741820357977, -0.0, -0.0, 0.0, 0.9999919499379434
  ],
  "scale": 0.9999919499379434,
  "full_dataset": "A135_lung_complete-organ_10.005um_bm18",
  "roi_datset": "A135_lung_VOI-01_2.0um_bm18",
  "full_size": [106, 106, 32],
  "roi_size": [530, 530, 160]
}
