{
  "translation": [98937.3091020655, 84363.33450998129, 51161.05618162145],
  "rotation_matrix": [
    0.9810227653053173, 0.1938892876369105, 0.0, -0.1938892876369105,
    0.9810227653053173, -0.0, -0.0, 0.0, 0.999999360953616
  ],
  "scale": 0.999999360953616,
  "full_dataset": "LADAF-2020-27_heart_complete-organ_19.89um_bm18",
  "roi_datset": "LADAF-2020-27_heart_ROI-02_6.5um_bm18",
  "full_size": [22, 22, 32],
  "roi_size": [66, 66, 96]
}
