{
  "translation": [98932.60592605837, 84369.52848399906, 51162.45747549706],
  "rotation_matrix": [
    0.9856552234058455, 0.16877557194696705, 0.0, -0.16877557194696705,
    0.9856552234058455, -0.0, -0.0, 0.0, 1.000000706556377
  ],
  "scale": 1.000000706556377,
  "full_dataset": "LADAF-2020-27_heart_complete-organ_19.89um_bm18",
  "roi_datset": "LADAF-2020-27_heart_ROI-02_6.5um_bm18",
  "full_size": [98, 98, 32],
  "roi_size": [300, 300, 96]
}
