{
  "translation": [98934.1861098249, 84369.83571146018, 51163.975192954946],
  "rotation_matrix": [
    0.9858335310711138, 0.16768599881672136, 0.0, -0.16768599881672136,
    0.9858335310711138, -0.0, -0.0, 0.0, 0.9999931725683442
  ],
  "scale": 0.9999931725683442,
  "full_dataset": "LADAF-2020-27_heart_complete-organ_19.89um_bm18",
  "roi_datset": "LADAF-2020-27_heart_ROI-02_6.5um_bm18",
  "full_size": [46, 46, 32],
  "roi_size": [140, 140, 96]
}
