{
  "translation": [38954.29066499066, 42567.53414072187, 60015.949898436185],
  "rotation_matrix": [
    0.9999705975853794, 0.00543802359139272, 0.0, -0.00543802359139272,
    0.9999705975853794, -0.0, -0.0, 0.0, 0.9999853839611064
  ],
  "scale": 0.9999853839611064,
  "full_dataset": "A135_lung_complete-organ_10.005um_bm18",
  "roi_datset": "A135_lung_VOI-01_2.0um_bm18",
  "full_size": [122, 122, 32],
  "roi_size": [610, 610, 160]
}
