{
  "translation": [25619.15512797752, 30501.563103135595, 22704.170467059455],
  "rotation_matrix": [
    1.0000243662282404, -0.0024093208347762897, 0.0, 0.0024093208347762897,
    1.0000243662282404, 0.0, 0.0, 0.0, 1.000027268566752
  ],
  "scale": 1.000027268566752,
  "full_dataset": "LADAF-2020-27_kidney_left_complete-organ_25.08um_bm05",
  "roi_datset": "LADAF-2020-27_kidney_left_central-column_6.05um_bm05",
  "full_size": [28, 28, 32],
  "roi_size": [116, 116, 132]
}
