{
  "translation": [38898.05037606452, 42624.6797192497, 60028.02882805347],
  "rotation_matrix": [
    0.971350139547839, -0.23771132322646213, 0.0, 0.23771132322646213,
    0.971350139547839, 0.0, 0.0, 0.0, 1.000013883298468
  ],
  "scale": 1.000013883298468,
  "full_dataset": "A135_lung_complete-organ_10.005um_bm18",
  "roi_datset": "A135_lung_VOI-01_2.0um_bm18",
  "full_size": [50, 50, 32],
  "roi_size": [250, 250, 160]
}
