{
  "translation": [98933.16833197986, 84368.24078718432, 51162.608661642706],
  "rotation_matrix": [
    0.9855011521540437, 0.16967178716474784, 0.0, -0.16967178716474784,
    0.9855011521540437, -0.0, -0.0, 0.0, 1.0000005181281792
  ],
  "scale": 1.0000005181281792,
  "full_dataset": "LADAF-2020-27_heart_complete-organ_19.89um_bm18",
  "roi_datset": "LADAF-2020-27_heart_ROI-02_6.5um_bm18",
  "full_size": [78, 78, 32],
  "roi_size": [238, 238, 96]
}
