{
  "translation": [38899.23685838977, 42622.20382498966, 60027.0921832333],
  "rotation_matrix": [
    0.97713927911977, -0.2126265591966011, 0.0, 0.2126265591966011,
    0.97713927911977, 0.0, 0.0, 0.0, 1.0000056122214962
  ],
  "scale": 1.0000056122214962,
  "full_dataset": "A135_lung_complete-organ_10.005um_bm18",
  "roi_datset": "A135_lung_VOI-01_2.0um_bm18",
  "full_size": [58, 58, 32],
  "roi_size": [290, 290, 160]
}
