{
  "translation": [98933.0620094917, 84369.16591704122, 51162.98374713474],
  "rotation_matrix": [
    0.9856329587138859, 0.16889680313281463, 0.0, -0.16889680313281463,
    0.9856329587138859, -0.0, -0.0, 0.0, 0.99999922970549
  ],
  "scale": 0.99999922970549,
  "full_dataset": "LADAF-2020-27_heart_complete-organ_19.89um_bm18",
  "roi_datset": "LADAF-2020-27_heart_ROI-02_6.5um_bm18",
  "full_size": [70, 70, 32],
  "roi_size": [214, 214, 96]
}
