{
  "translation": [25634.914664357824, 30488.984234435397, 22709.25756717591],
  "rotation_matrix": [
    1.0000012671530407, 0.00043743286871305377, 0.0, -0.00043743286871305377,
    1.0000012671530407, -0.0, -0.0, 0.0, 1.0000013628266722
  ],
  "scale": 1.0000013628266722,
  "full_dataset": "LADAF-2020-27_kidney_left_complete-organ_25.08um_bm05",
  "roi_datset": "LADAF-2020-27_kidney_left_central-column_6.05um_bm05",
  "full_size": [100, 100, 32],
  "roi_size": [414, 414, 132]
}
