{
  "translation": [38897.25376671334, 42627.85786271398, 60027.96237112478],
  "rotation_matrix": [
    0.9642621969096552, 0.2651079609881445, 0.0, -0.2651079609881445,
    0.9642621969096552, -0.0, -0.0, 0.0, 1.0000419068060729
  ],
  "scale": 1.0000419068060729,
  "full_dataset": "A135_lung_complete-organ_10.005um_bm18",
  "roi_datset": "A135_lung_VOI-01_2.0um_bm18",
  "full_size": [24, 24, 32],
  "roi_size": [120, 120, 160]
}
