{
  "translation": [25625.216995223724, 30500.514282698336, 22705.130079774837],
  "rotation_matrix": [
    1.0000045722575441, -0.0011922444248843396, 0.0, 0.0011922444248843396,
    1.0000045722575441, 0.0, 0.0, 0.0, 1.0000052829774264
  ],
  "scale": 1.0000052829774264,
  "full_dataset": "LADAF-2020-27_kidney_left_complete-organ_25.08um_bm05",
  "roi_datset": "LADAF-2020-27_kidney_left_central-column_6.05um_bm05",
  "full_size": [48, 48, 32],
  "roi_size": [200, 200, 132]
}
