{
  "translation": [25621.889653948707, 30505.232128344283, 22706.451254522653],
  "rotation_matrix": [
    1.000056863181863, -0.0013938327281005469, 0.0, 0.0013938327281005469,
    1.000056863181863, 0.0, 0.0, 0.0, 1.0000578345109954
  ],
  "scale": 1.0000578345109954,
  "full_dataset": "LADAF-2020-27_kidney_left_complete-organ_25.08um_bm05",
  "roi_datset": "LADAF-2020-27_kidney_left_central-column_6.05um_bm05",
  "full_size": [22, 22, 32],
  "roi_size": [92, 92, 132]
}
