{
  "translation": [38954.36813900421, 42567.317652642036, 60016.40859708747],
  "rotation_matrix": [
    0.9999582284598356, 0.005902802978806331, 0.0, -0.005902802978806331,
    0.9999582284598356, -0.0, -0.0, 0.0, 0.9999756505773225
  ],
  "scale": 0.9999756505773225,
  "full_dataset": "A135_lung_complete-organ_10.005um_bm18",
  "roi_datset": "A135_lung_VOI-01_2.0um_bm18",
  "full_size": [102, 102, 32],
  "roi_size": [510, 510, 160]
}
