{
  "translation": [38953.90547727152, 42567.30583726012, 60017.11992321519],
  "rotation_matrix": [
    0.9999629358920398, 0.005261807157631726, 0.0, -0.005261807157631726,
    0.9999629358920398, -0.0, -0.0, 0.0, 0.9999767796166027
  ],
  "scale": 0.9999767796166027,
  "full_dataset": "A135_lung_complete-organ_10.005um_bm18",
  "roi_datset": "A135_lung_VOI-01_2.0um_bm18",
  "full_size": [84, 84, 32],
  "roi_size": [420, 420, 160]
}
