{
  "translation": [25622.35463745154, 30501.86283280368, 22705.535772902516],
  "rotation_matrix": [
    1.0000110131311466, 0.0004206585004349042, 0.0, -0.0004206585004349042,
    1.0000110131311466, -0.0, -0.0, 0.0, 1.0000111016069553
  ],
  "scale": 1.0000111016069553,
  "full_dataset": "LADAF-2020-27_kidney_left_complete-organ_25.08um_bm05",
  "roi_datset": "LADAF-2020-27_kidney_left_central-column_6.05um_bm05",
  "full_size": [38, 38, 32],
  "roi_size": [158, 158, 132]
}
