{
  "translation": [98932.42541248741, 84368.81728008426, 51162.636736752334],
  "rotation_matrix": [
    0.9854998542187412, 0.16968065000687949, 0.0, -0.16968065000687949,
    0.9854998542187412, -0.0, -0.0, 0.0, 1.0000007428256827
  ],
  "scale": 1.0000007428256827,
  "full_dataset": "LADAF-2020-27_heart_complete-organ_19.89um_bm18",
  "roi_datset": "LADAF-2020-27_heart_ROI-02_6.5um_bm18",
  "full_size": [104, 104, 32],
  "roi_size": [318, 318, 96]
}
