{
  "translation": [38954.13374525116, 42567.22525713348, 60016.40606650537],
  "rotation_matrix": [
    0.9999669775288597, 0.006285487873220487, 0.0, -0.006285487873220487,
    0.9999669775288597, -0.0, -0.0, 0.0, 0.9999867316649793
  ],
  "scale": 0.9999867316649793,
  "full_dataset": "A135_lung_complete-organ_10.005um_bm18",
  "roi_datset": "A135_lung_VOI-01_2.0um_bm18",
  "full_size": [108, 108, 32],
  "roi_size": [540, 540, 160]
}
