{
  "translation": [38953.90099621821, 42567.351467142245, 60016.10765372526],
  "rotation_matrix": [
    0.9999748783513757, 0.005183362622975765, 0.0, -0.005183362622975765,
    0.9999748783513757, -0.0, -0.0, 0.0, 0.9999883122226628
  ],
  "scale": 0.9999883122226628,
  "full_dataset": "A135_lung_complete-organ_10.005um_bm18",
  "roi_datset": "A135_lung_VOI-01_2.0um_bm18",
  "full_size": [128, 128, 32],
  "roi_size": [640, 640, 160]
}
