{
  "translation": [38954.28142755212, 42568.47763558427, 60018.424674763635],
  "rotation_matrix": [
    1.000052177290317, 0.004976246251523227, 0.0, -0.004976246251523227,
    1.000052177290317, -0.0, -0.0, 0.0, 1.0000645580810568
  ],
  "scale": 1.0000645580810568,
  "full_dataset": "A135_lung_complete-organ_10.005um_bm18",
  "roi_datset": "A135_lung_VOI-01_2.0um_bm18",
  "full_size": [64, 64, 32],
  "roi_size": [320, 320, 160]
}
