{
  "translation": [38954.23823201528, 42567.415486267804, 60015.87406291732],
  "rotation_matrix": [
    0.9999790057787038, 0.005632816911837904, 0.0, -0.005632816911837904,
    0.9999790057787038, -0.0, -0.0, 0.0, 0.9999948702991067
  ],
  "scale": 0.9999948702991067,
  "full_dataset": "A135_lung_complete-organ_10.005um_bm18",
  "roi_datset": "A135_lung_VOI-01_2.0um_bm18",
  "full_size": [116, 116, 32],
  "roi_size": [580, 580, 160]
}
