{
  "translation": [38898.14136353385, 42626.92478361813, 60028.103223477665],
  "rotation_matrix": [
    0.9993235232621502, 0.037373888267686464, 0.0, -0.037373888267686464,
    0.9993235232621502, -0.0, -0.0, 0.0, 1.0000221555892264
  ],
  "scale": 1.0000221555892264,
  "full_dataset": "A135_lung_complete-organ_10.005um_bm18",
  "roi_datset": "A135_lung_VOI-01_2.0um_bm18",
  "full_size": [38, 38, 32],
  "roi_size": [190, 190, 160]
}
