{
  "translation": [98935.9279684839, 84367.71935242924, 51162.56106955699],
  "rotation_matrix": [
    0.9850012665469572, 0.172487587655843, 0.0, -0.172487587655843,
    0.9850012665469572, -0.0, -0.0, 0.0, 0.9999897314444993
  ],
  "scale": 0.9999897314444993,
  "full_dataset": "LADAF-2020-27_heart_complete-organ_19.89um_bm18",
  "roi_datset": "LADAF-2020-27_heart_ROI-02_6.5um_bm18",
  "full_size": [34, 34, 32],
  "roi_size": [104, 104, 96]
}
