{
  "translation": [98933.53646319243, 84368.82540549725, 51163.74166495628],
  "rotation_matrix": [
    0.985544252472669, 0.1694217124571893, 0.0, -0.1694217124571893,
    0.985544252472669, -0.0, -0.0, 0.0, 1.000000595116742
  ],
  "scale": 1.000000595116742,
  "full_dataset": "LADAF-2020-27_heart_complete-organ_19.89um_bm18",
  "roi_datset": "LADAF-2020-27_heart_ROI-02_6.5um_bm18",
  "full_size": [112, 112, 32],
  "roi_size": [342, 342, 96]
}
