{
  "translation": [25631.105226014322, 30492.99137432648, 22711.53863408656],
  "rotation_matrix": [
    1.0000008309703354, 0.0016150709902573905, 0.0, -0.0016150709902573905,
    1.0000008309703354, -0.0, -0.0, 0.0, 1.0000021351955528
  ],
  "scale": 1.0000021351955528,
  "full_dataset": "LADAF-2020-27_kidney_left_complete-organ_25.08um_bm05",
  "roi_datset": "LADAF-2020-27_kidney_left_central-column_6.05um_bm05",
  "full_size": [90, 90, 32],
  "roi_size": [374, 374, 132]
}
