{
  "translation": [25629.97724938009, 30498.986448370553, 22707.25709214529],
  "rotation_matrix": [
    0.9999995046854786, -0.0019481864902242537, 0.0, 0.0019481864902242537,
    0.9999995046854786, 0.0, 0.0, 0.0, 1.0000014023999182
  ],
  "scale": 1.0000014023999182,
  "full_dataset": "LADAF-2020-27_kidney_left_complete-organ_25.08um_bm05",
  "roi_datset": "LADAF-2020-27_kidney_left_central-column_6.05um_bm05",
  "full_size": [54, 54, 32],
  "roi_size": [224, 224, 132]
}
