{
  "translation": [25620.772235079596, 30503.06906419785, 22704.988116241402],
  "rotation_matrix": [
    1.0000232892962544, -0.0009863693941894324, 0.0, 0.0009863693941894324,
    1.0000232892962544, 0.0, 0.0, 0.0, 1.0000237757470978
  ],
  "scale": 1.0000237757470978,
  "full_dataset": "LADAF-2020-27_kidney_left_complete-organ_25.08um_bm05",
  "roi_datset": "LADAF-2020-27_kidney_left_central-column_6.05um_bm05",
  "full_size": [40, 40, 32],
  "roi_size": [166, 166, 132]
}
