{
  "translation": [25630.014925480245, 30493.642126851384, 22712.163255130858],
  "rotation_matrix": [
    1.0000001010381747, 0.002557256951304215, 0.0, -0.002557256951304215,
    1.0000001010381747, -0.0, -0.0, 0.0, 1.000003370814056
  ],
  "scale": 1.000003370814056,
  "full_dataset": "LADAF-2020-27_kidney_left_complete-organ_25.08um_bm05",
  "roi_datset": "LADAF-2020-27_kidney_left_central-column_6.05um_bm05",
  "full_size": [92, 92, 32],
  "roi_size": [382, 382, 132]
}
