{
  "translation": [38954.39447627519, 42567.304388018674, 60017.082734127296],
  "rotation_matrix": [
    0.9999795592620834, 0.005017352899224402, 0.0, -0.005017352899224402,
    0.9999795592620834, -0.0, -0.0, 0.0, 0.999992146355213
  ],
  "scale": 0.999992146355213,
  "full_dataset": "A135_lung_complete-organ_10.005um_bm18",
  "roi_datset": "A135_lung_VOI-01_2.0um_bm18",
  "full_size": [86, 86, 32],
  "roi_size": [430, 430, 160]
}
