{
  "translation": [38878.771386212924, 42621.56484151392, 60026.25853262499],
  "rotation_matrix": [
    0.8099645138805691, 0.5868846852137242, 0.0, -0.5868846852137242,
    0.8099645138805691, -0.0, -0.0, 0.0, 1.000238045409291
  ],
  "scale": 1.000238045409291,
  "full_dataset": "A135_lung_complete-organ_10.005um_bm18",
  "roi_datset": "A135_lung_VOI-01_2.0um_bm18",
  "full_size": [28, 28, 32],
  "roi_size": [140, 140, 160]
}
