{
  "translation": [38892.21973327503, 42626.87821230752, 60023.04262167026],
  "rotation_matrix": [
    0.880027164232965, 0.47503615497749246, 0.0, -0.47503615497749246,
    0.880027164232965, -0.0, -0.0, 0.0, 1.0000535777265707
  ],
  "scale": 1.0000535777265707,
  "full_dataset": "A135_lung_complete-organ_10.005um_bm18",
  "roi_datset": "A135_lung_VOI-01_2.0um_bm18",
  "full_size": [34, 34, 32],
  "roi_size": [170, 170, 160]
}
