{
  "translation": [98932.74105234763, 84371.03352103554, 51162.442536107104],
  "rotation_matrix": [
    0.9855173846867215, 0.1695770525559777, 0.0, -0.1695770525559777,
    0.9855173846867215, -0.0, -0.0, 0.0, 1.0000004461365646
  ],
  "scale": 1.0000004461365646,
  "full_dataset": "LADAF-2020-27_heart_complete-organ_19.89um_bm18",
  "roi_datset": "LADAF-2020-27_heart_ROI-02_6.5um_bm18",
  "full_size": [90, 90, 32],
  "roi_size": [274, 274, 96]
}
