{
  "translation": [98935.31847499494, 84367.54049442887, 51163.269159740856],
  "rotation_matrix": [
    0.9859298230962927, 0.16713370244477732, 0.0, -0.16713370244477732,
    0.9859298230962927, -0.0, -0.0, 0.0, 0.9999956452723114
  ],
  "scale": 0.9999956452723114,
  "full_dataset": "LADAF-2020-27_heart_complete-organ_19.89um_bm18",
  "roi_datset": "LADAF-2020-27_heart_ROI-02_6.5um_bm18",
  "full_size": [40, 40, 32],
  "roi_size": [122, 122, 96]
}
