{
  "translation": [98933.459881425, 84368.69810163099, 51162.78958271923],
  "rotation_matrix": [
    0.9857874321716114, 0.16800357510405253, 0.0, -0.16800357510405253,
    0.9857874321716114, -0.0, -0.0, 0.0, 1.0000010313370893
  ],
  "scale": 1.0000010313370893,
  "full_dataset": "LADAF-2020-27_heart_complete-organ_19.89um_bm18",
  "roi_datset": "LADAF-2020-27_heart_ROI-02_6.5um_bm18",
  "full_size": [110, 110, 32],
  "roi_size": [336, 336, 96]
}
