{
  "translation": [98934.22828599912, 84366.75733946133, 51162.42734009471],
  "rotation_matrix": [
    0.9851366353264767, 0.1717827933952302, 0.0, -0.1717827933952302,
    0.9851366353264767, -0.0, -0.0, 0.0, 1.0000017591829726
  ],
  "scale": 1.0000017591829726,
  "full_dataset": "LADAF-2020-27_heart_complete-organ_19.89um_bm18",
  "roi_datset": "LADAF-2020-27_heart_ROI-02_6.5um_bm18",
  "full_size": [84, 84, 32],
  "roi_size": [256, 256, 96]
}
