{
  "translation": [38954.453441778736, 42568.13397738147, 60017.94742953674],
  "rotation_matrix": [
    1.0000655865561385, 0.0027978287398298073, 0.0, -0.0027978287398298073,
    1.0000655865561385, -0.0, -0.0, 0.0, 1.0000695002146254
  ],
  "scale": 1.0000695002146254,
  "full_dataset": "A135_lung_complete-organ_10.005um_bm18",
  "roi_datset": "A135_lung_VOI-01_2.0um_bm18",
  "full_size": [68, 68, 32],
  "roi_size": [340, 340, 160]
}
