{
  "translation": [98933.55978325538, 84369.1074778402, 51162.649974122214],
  "rotation_matrix": [
    0.9855939391249813, 0.1691346982010309, 0.0, -0.1691346982010309,
    0.9855939391249813, -0.0, -0.0, 0.0, 1.0000009794872458
  ],
  "scale": 1.0000009794872458,
  "full_dataset": "LADAF-2020-27_heart_complete-organ_19.89um_bm18",
  "roi_datset": "LADAF-2020-27_heart_ROI-02_6.5um_bm18",
  "full_size": [106, 106, 32],
  "roi_size": [324, 324, 96]
}
