{
  "translation": [98931.98496719041, 84371.9834244615, 51163.092672310195],
  "rotation_matrix": [
    0.9860223620436084, 0.16661587012216036, 0.0, -0.16661587012216036,
    0.9860223620436084, -0.0, -0.0, 0.0, 1.0000004733131986
  ],
  "scale": 1.0000004733131986,
  "full_dataset": "LADAF-2020-27_heart_complete-organ_19.89um_bm18",
  "roi_datset": "LADAF-2020-27_heart_ROI-02_6.5um_bm18",
  "full_size": [114, 114, 32],
  "roi_size": [348, 348, 96]
}
