{
  "translation": [98933.42180336524, 84369.60166729396, 51162.396967806664],
  "rotation_matrix": [
    0.9857009702259385, 0.16853120909998343, 0.0, -0.16853120909998343,
    0.9857009702259385, -0.0, -0.0, 0.0, 1.0000045855620157
  ],
  "scale": 1.0000045855620157,
  "full_dataset": "LADAF-2020-27_heart_complete-organ_19.89um_bm18",
  "roi_datset": "LADAF-2020-27_heart_ROI-02_6.5um_bm18",
  "full_size": [64, 64, 32],
  "roi_size": [196, 196, 96]
}
