{
  "translation": [98932.44602575315, 84370.94611637248, 51162.32083195828],
  "rotation_matrix": [
    0.9856554781981406, 0.16876826833843547, 0.0, -0.16876826833843547,
    0.9856554781981406, -0.0, -0.0, 0.0, 0.9999997250499418
  ],
  "scale": 0.9999997250499418,
  "full_dataset": "LADAF-2020-27_heart_complete-organ_19.89um_bm18",
  "roi_datset": "LADAF-2020-27_heart_ROI-02_6.5um_bm18",
  "full_size": [102, 102, 32],
  "roi_size": [312, 312, 96]
}
