{
  "translation": [98933.98978878165, 84369.52959430791, 51163.31905789189],
  "rotation_matrix": [
    0.9859289399360922, 0.16717154237191637, 0.0, -0.16717154237191637,
    0.9859289399360922, -0.0, -0.0, 0.0, 1.0000010995906514
  ],
  "scale": 1.0000010995906514,
  "full_dataset": "LADAF-2020-27_heart_complete-organ_19.89um_bm18",
  "roi_datset": "LADAF-2020-27_heart_ROI-02_6.5um_bm18",
  "full_size": [80, 80, 32],
  "roi_size": [244, 244, 96]
}
