{
  "translation": [25626.96527520902, 30498.435319799846, 22706.185701282724],
  "rotation_matrix": [
    1.0000072225077894, 0.0010303266250895496, 0.0, -0.0010303266250895496,
    1.0000072225077894, -0.0, -0.0, 0.0, 1.0000077532902922
  ],
  "scale": 1.0000077532902922,
  "full_dataset": "LADAF-2020-27_kidney_left_complete-organ_25.08um_bm05",
  "roi_datset": "LADAF-2020-27_kidney_left_central-column_6.05um_bm05",
  "full_size": [76, 76, 32],
  "roi_size": [316, 316, 132]
}
