{
  "translation": [38954.95722364514, 42567.41104982899, 60017.309961570696],
  "rotation_matrix": [
    0.9999644170671668, 0.006592168295994713, 0.0, -0.006592168295994713,
    0.9999644170671668, -0.0, -0.0, 0.0, 0.9999861459456933
  ],
  "scale": 0.9999861459456933,
  "full_dataset": "A135_lung_complete-organ_10.005um_bm18",
  "roi_datset": "A135_lung_VOI-01_2.0um_bm18",
  "full_size": [94, 94, 32],
  "roi_size": [470, 470, 160]
}
