{
  "translation": [98932.33350633696, 84371.59758001195, 51162.146275656894],
  "rotation_matrix": [
    0.9857056147932289, 0.16849128224720786, 0.0, -0.16849128224720786,
    0.9857056147932289, -0.0, -0.0, 0.0, 1.0000024356111368
  ],
  "scale": 1.0000024356111368,
  "full_dataset": "LADAF-2020-27_heart_complete-organ_19.89um_bm18",
  "roi_datset": "LADAF-2020-27_heart_ROI-02_6.5um_bm18",
  "full_size": [100, 100, 32],
  "roi_size": [306, 306, 96]
}
