{
  "translation": [38954.42907938427, 42567.606185697034, 60016.47289837277],
  "rotation_matrix": [
    0.9999745580590594, 0.005895447682393722, 0.0, -0.005895447682393722,
    0.9999745580590594, -0.0, -0.0, 0.0, 0.9999919365018836
  ],
  "scale": 0.9999919365018836,
  "full_dataset": "A135_lung_complete-organ_10.005um_bm18",
  "roi_datset": "A135_lung_VOI-01_2.0um_bm18",
  "full_size": [120, 120, 32],
  "roi_size": [600, 600, 160]
}
