{
  "translation": [98933.42150160411, 84367.03464222643, 51164.447345348824],
  "rotation_matrix": [
    0.9860859735954399, 0.1663347311377528, 0.0, -0.1663347311377528,
    0.9860859735954399, -0.0, -0.0, 0.0, 1.000016394917771
  ],
  "scale": 1.000016394917771,
  "full_dataset": "LADAF-2020-27_heart_complete-organ_19.89um_bm18",
  "roi_datset": "LADAF-2020-27_heart_ROI-02_6.5um_bm18",
  "full_size": [42, 42, 32],
  "roi_size": [128, 128, 96]
}
