{
  "translation": [25623.604641900238, 30500.715038914343, 22704.924521617108],
  "rotation_matrix": [
    1.0000166808514466, -0.0024387850880315137, 0.0, 0.0024387850880315137,
    1.0000166808514466, 0.0, 0.0, 0.0, 1.0000196546337725
  ],
  "scale": 1.0000196546337725,
  "full_dataset": "LADAF-2020-27_kidney_left_complete-organ_25.08um_bm05",
  "roi_datset": "LADAF-2020-27_kidney_left_central-column_6.05um_bm05",
  "full_size": [34, 34, 32],
  "roi_size": [142, 142, 132]
}
