{
  "translation": [25625.972290507252, 30499.65688365788, 22705.648030893597],
  "rotation_matrix": [
    0.999999914613651, -0.0022723913925016504, 0.0, 0.0022723913925016504,
    0.999999914613651, 0.0, 0.0, 0.0, 1.0000024964918588
  ],
  "scale": 1.0000024964918588,
  "full_dataset": "LADAF-2020-27_kidney_left_complete-organ_25.08um_bm05",
  "roi_datset": "LADAF-2020-27_kidney_left_central-column_6.05um_bm05",
  "full_size": [50, 50, 32],
  "roi_size": [208, 208, 132]
}
