{
  "translation": [38955.59440562584, 42568.255317932715, 60018.389085595525],
  "rotation_matrix": [
    0.999964253909571, 0.00347484796638027, 0.0, -0.00347484796638027,
    0.999964253909571, -0.0, -0.0, 0.0, 0.9999702913913565
  ],
  "scale": 0.9999702913913565,
  "full_dataset": "A135_lung_complete-organ_10.005um_bm18",
  "roi_datset": "A135_lung_VOI-01_2.0um_bm18",
  "full_size": [60, 60, 32],
  "roi_size": [300, 300, 160]
}
