{
  "translation": [25619.766127723065, 30502.205308421424, 22704.467435701463],
  "rotation_matrix": [
    0.9999847882287062, -0.00874370235100469, 0.0, 0.00874370235100469,
    0.9999847882287062, 0.0, 0.0, 0.0, 1.0000230142449789
  ],
  "scale": 1.0000230142449789,
  "full_dataset": "LADAF-2020-27_kidney_left_complete-organ_25.08um_bm05",
  "roi_datset": "LADAF-2020-27_kidney_left_central-column_6.05um_bm05",
  "full_size": [24, 24, 32],
  "roi_size": [100, 100, 132]
}
