{
  "translation": [98935.43862115798, 84366.33541220943, 51163.24181925647],
  "rotation_matrix": [
    0.9844011305160316, 0.1760200343164905, 0.0, -0.1760200343164905,
    0.9844011305160316, -0.0, -0.0, 0.0, 1.0000143190184927
  ],
  "scale": 1.0000143190184927,
  "full_dataset": "LADAF-2020-27_heart_complete-organ_19.89um_bm18",
  "roi_datset": "LADAF-2020-27_heart_ROI-02_6.5um_bm18",
  "full_size": [30, 30, 32],
  "roi_size": [92, 92, 96]
}
