{
  "translation": [25631.781392514502, 30492.879555707546, 22711.190030234153],
  "rotation_matrix": [
    1.0000015670693392, 0.00036660638319928893, 0.0, -0.00036660638319928893,
    1.0000015670693392, -0.0, -0.0, 0.0, 1.0000016342693518
  ],
  "scale": 1.0000016342693518,
  "full_dataset": "LADAF-2020-27_kidney_left_complete-organ_25.08um_bm05",
  "roi_datset": "LADAF-2020-27_kidney_left_central-column_6.05um_bm05",
  "full_size": [84, 84, 32],
  "roi_size": [348, 348, 132]
}
