{
  "translation": [98931.9780804225, 84369.81683153473, 51162.50591367702],
  "rotation_matrix": [
    0.9856844220449416, 0.16859800962930732, 0.0, -0.16859800962930732,
    0.9856844220449416, -0.0, -0.0, 0.0, 0.9999995343564089
  ],
  "scale": 0.9999995343564089,
  "full_dataset": "LADAF-2020-27_heart_complete-organ_19.89um_bm18",
  "roi_datset": "LADAF-2020-27_heart_ROI-02_6.5um_bm18",
  "full_size": [116, 116, 32],
  "roi_size": [354, 354, 96]
}
