{
  "translation": [38954.15306194035, 42567.82852439407, 60016.32066642111],
  "rotation_matrix": [
    0.9999776623002129, 0.005587702057757005, 0.0, -0.005587702057757005,
    0.9999776623002129, -0.0, -0.0, 0.0, 0.9999932737342212
  ],
  "scale": 0.9999932737342212,
  "full_dataset": "A135_lung_complete-organ_10.005um_bm18",
  "roi_datset": "A135_lung_VOI-01_2.0um_bm18",
  "full_size": [124, 124, 32],
  "roi_size": [620, 620, 160]
}
