{
  "translation": [98932.59569718213, 84367.22326848254, 51163.38349890384],
  "rotation_matrix": [
    0.9855675926167781, 0.16928822633956858, 0.0, -0.16928822633956858,
    0.9855675926167781, -0.0, -0.0, 0.0, 1.0000009915963226
  ],
  "scale": 1.0000009915963226,
  "full_dataset": "LADAF-2020-27_heart_complete-organ_19.89um_bm18",
  "roi_datset": "LADAF-2020-27_heart_ROI-02_6.5um_bm18",
  "full_size": [124, 124, 32],
  "roi_size": [378, 378, 96]
}
