{
  "translation": [98932.56220988593, 84371.52845488054, 51162.35510879477],
  "rotation_matrix": [
    0.9859056417164969, 0.1673123831875178, 0.0, -0.1673123831875178,
    0.9859056417164969, -0.0, -0.0, 0.0, 1.0000016839667343
  ],
  "scale": 1.0000016839667343,
  "full_dataset": "LADAF-2020-27_heart_complete-organ_19.89um_bm18",
  "roi_datset": "LADAF-2020-27_heart_ROI-02_6.5um_bm18",
  "full_size": [74, 74, 32],
  "roi_size": [226, 226, 96]
}
