{
  "translation": [38898.266216255506, 42627.71141049874, 60029.14205902698],
  "rotation_matrix": [
    0.9963849079742644, 0.08510248508945188, 0.0, -0.08510248508945188,
    0.9963849079742644, -0.0, -0.0, 0.0, 1.000012658823519
  ],
  "scale": 1.000012658823519,
  "full_dataset": "A135_lung_complete-organ_10.005um_bm18",
  "roi_datset": "A135_lung_VOI-01_2.0um_bm18",
  "full_size": [36, 36, 32],
  "roi_size": [180, 180, 160]
}
