{
  "translation": [98933.35153215248, 84368.77796016437, 51163.03347507609],
  "rotation_matrix": [
    0.9855360084347583, 0.1694736136473511, 0.0, -0.1694736136473511,
    0.9855360084347583, -0.0, -0.0, 0.0, 1.000001264821304
  ],
  "scale": 1.000001264821304,
  "full_dataset": "LADAF-2020-27_heart_complete-organ_19.89um_bm18",
  "roi_datset": "LADAF-2020-27_heart_ROI-02_6.5um_bm18",
  "full_size": [96, 96, 32],
  "roi_size": [294, 294, 96]
}
