{
  "translation": [25631.88487784168, 30492.605696941526, 22711.45999204591],
  "rotation_matrix": [
    1.0000020169238066, 0.0011240154732162885, 0.0, -0.0011240154732162885,
    1.0000020169238066, -0.0, -0.0, 0.0, 1.0000026486277251
  ],
  "scale": 1.0000026486277251,
  "full_dataset": "LADAF-2020-27_kidney_left_complete-organ_25.08um_bm05",
  "roi_datset": "LADAF-2020-27_kidney_left_central-column_6.05um_bm05",
  "full_size": [94, 94, 32],
  "roi_size": [390, 390, 132]
}
