{
  "translation": [25631.307707387543, 30494.88836920108, 22708.443010210027],
  "rotation_matrix": [
    1.0000002359051725, 0.0009054404704422705, 0.0, -0.0009054404704422705,
    1.0000002359051725, -0.0, -0.0, 0.0, 1.0000006458162145
  ],
  "scale": 1.0000006458162145,
  "full_dataset": "LADAF-2020-27_kidney_left_complete-organ_25.08um_bm05",
  "roi_datset": "LADAF-2020-27_kidney_left_central-column_6.05um_bm05",
  "full_size": [64, 64, 32],
  "roi_size": [266, 266, 132]
}
