{
  "translation": [98932.6372757378, 84370.43952004405, 51163.14758737204],
  "rotation_matrix": [
    0.9857132908522399, 0.16845793441775936, 0.0, -0.16845793441775936,
    0.9857132908522399, -0.0, -0.0, 0.0, 1.000004383705917
  ],
  "scale": 1.000004383705917,
  "full_dataset": "LADAF-2020-27_heart_complete-organ_19.89um_bm18",
  "roi_datset": "LADAF-2020-27_heart_ROI-02_6.5um_bm18",
  "full_size": [72, 72, 32],
  "roi_size": [220, 220, 96]
}
