{
  "translation": [25623.12932307315, 30502.285074187545, 22704.972943566776],
  "rotation_matrix": [
    1.0000203731444632, 0.00014641335335469985, 0.0, -0.00014641335335469985,
    1.0000203731444632, -0.0, -0.0, 0.0, 1.0000203838626798
  ],
  "scale": 1.0000203838626798,
  "full_dataset": "LADAF-2020-27_kidney_left_complete-organ_25.08um_bm05",
  "roi_datset": "LADAF-2020-27_kidney_left_central-column_6.05um_bm05",
  "full_size": [30, 30, 32],
  "roi_size": [124, 124, 132]
}
