{
  "translation": [25632.50217842211, 30492.951743596845, 22711.772187775023],
  "rotation_matrix": [
    0.9999991629335203, 0.0023342674753704155, 0.0, -0.0023342674753704155,
    0.9999991629335203, -0.0, -0.0, 0.0, 1.000001887334413
  ],
  "scale": 1.000001887334413,
  "full_dataset": "LADAF-2020-27_kidney_left_complete-organ_25.08um_bm05",
  "roi_datset": "LADAF-2020-27_kidney_left_central-column_6.05um_bm05",
  "full_size": [86, 86, 32],
  "roi_size": [356, 356, 132]
}
