{
  "translation": [25625.07007685974, 30499.074807191664, 22704.39255454713],
  "rotation_matrix": [
    1.0000085863291406, 0.0009766166184694979, 0.0, -0.0009766166184694979,
    1.0000085863291406, -0.0, -0.0, 0.0, 1.0000090632149419
  ],
  "scale": 1.0000090632149419,
  "full_dataset": "LADAF-2020-27_kidney_left_complete-organ_25.08um_bm05",
  "roi_datset": "LADAF-2020-27_kidney_left_central-column_6.05um_bm05",
  "full_size": [68, 68, 32],
  "roi_size": [282, 282, 132]
}
