{
  "translation": [98934.09136410062, 84367.86531417098, 51163.3038806832],
  "rotation_matrix": [
    0.9851098874666757, 0.17194259910333856, 0.0, -0.17194259910333856,
    0.9851098874666757, -0.0, -0.0, 0.0, 1.0000028738813793
  ],
  "scale": 1.0000028738813793,
  "full_dataset": "LADAF-2020-27_heart_complete-organ_19.89um_bm18",
  "roi_datset": "LADAF-2020-27_heart_ROI-02_6.5um_bm18",
  "full_size": [76, 76, 32],
  "roi_size": [232, 232, 96]
}
