{
  "translation": [98934.8739962434, 84368.64316630914, 51163.39801286425],
  "rotation_matrix": [
    0.9855211212343064, 0.16956695199864574, 0.0, -0.16956695199864574,
    0.9855211212343064, -0.0, -0.0, 0.0, 1.0000024158015997
  ],
  "scale": 1.0000024158015997,
  "full_dataset": "LADAF-2020-27_heart_complete-organ_19.89um_bm18",
  "roi_datset": "LADAF-2020-27_heart_ROI-02_6.5um_bm18",
  "full_size": [52, 52, 32],
  "roi_size": [158, 158, 96]
}
