{
  "translation": [38893.278092487264, 42617.516963101465, 60023.11621311712],
  "rotation_matrix": [
    0.9521302931796491, -0.30567852726569633, 0.0, 0.30567852726569633,
    0.9521302931796491, 0.0, 0.0, 0.0, 0.9999957286017225
  ],
  "scale": 0.9999957286017225,
  "full_dataset": "A135_lung_complete-organ_10.005um_bm18",
  "roi_datset": "A135_lung_VOI-01_2.0um_bm18",
  "full_size": [54, 54, 32],
  "roi_size": [270, 270, 160]
}
