{
  "translation": [98934.58379327312, 84367.59894067484, 51162.93767890166],
  "rotation_matrix": [
    0.985879765102086, 0.1674126975654341, 0.0, -0.1674126975654341,
    0.985879765102086, -0.0, -0.0, 0.0, 0.9999929612471679
  ],
  "scale": 0.9999929612471679,
  "full_dataset": "LADAF-2020-27_heart_complete-organ_19.89um_bm18",
  "roi_datset": "LADAF-2020-27_heart_ROI-02_6.5um_bm18",
  "full_size": [50, 50, 32],
  "roi_size": [152, 152, 96]
}
