{
  "translation": [38954.36621436512, 42567.81173502059, 60017.709104435235],
  "rotation_matrix": [
    1.0000439242860737, 0.005276888749477906, 0.0, -0.005276888749477906,
    1.0000439242860737, -0.0, -0.0, 0.0, 1.000057846355082
  ],
  "scale": 1.000057846355082,
  "full_dataset": "A135_lung_complete-organ_10.005um_bm18",
  "roi_datset": "A135_lung_VOI-01_2.0um_bm18",
  "full_size": [80, 80, 32],
  "roi_size": [400, 400, 160]
}
