{
  "translation": [38954.32213339132, 42567.300061668444, 60017.703596244246],
  "rotation_matrix": [
    1.000016593678756, 0.0031861296928730816, 0.0, -0.0031861296928730816,
    1.000016593678756, -0.0, -0.0, 0.0, 1.0000216692928618
  ],
  "scale": 1.0000216692928618,
  "full_dataset": "A135_lung_complete-organ_10.005um_bm18",
  "roi_datset": "A135_lung_VOI-01_2.0um_bm18",
  "full_size": [74, 74, 32],
  "roi_size": [370, 370, 160]
}
