{
  "translation": [25623.19174256294, 30500.100226464852, 22704.862802060903],
  "rotation_matrix": [
    1.0000022047249888, -0.004283866395974648, 0.0, 0.004283866395974648,
    1.0000022047249888, 0.0, 0.0, 0.0, 1.0000113804183115
  ],
  "scale": 1.0000113804183115,
  "full_dataset": "LADAF-2020-27_kidney_left_complete-organ_25.08um_bm05",
  "roi_datset": "LADAF-2020-27_kidney_left_central-column_6.05um_bm05",
  "full_size": [36, 36, 32],
  "roi_size": [150, 150, 132]
}
