{
  "translation": [25624.04943412753, 30499.15377150792, 22704.002009094624],
  "rotation_matrix": [
    1.000020890309678, 0.0009138908563916096, 0.0, -0.0009138908563916096,
    1.000020890309678, -0.0, -0.0, 0.0, 1.0000213078991158
  ],
  "scale": 1.0000213078991158,
  "full_dataset": "LADAF-2020-27_kidney_left_complete-organ_25.08um_bm05",
  "roi_datset": "LADAF-2020-27_kidney_left_central-column_6.05um_bm05",
  "full_size": [60, 60, 32],
  "roi_size": [250, 250, 132]
}
