{
  "translation": [25632.447522322193, 30491.921743150968, 22711.178969808487],
  "rotation_matrix": [
    0.9999974011583269, 0.0031193222201008194, 0.0, -0.0031193222201008194,
    0.9999974011583269, -0.0, -0.0, 0.0, 1.0000022662446924
  ],
  "scale": 1.0000022662446924,
  "full_dataset": "LADAF-2020-27_kidney_left_complete-organ_25.08um_bm05",
  "roi_datset": "LADAF-2020-27_kidney_left_central-column_6.05um_bm05",
  "full_size": [88, 88, 32],
  "roi_size": [366, 366, 132]
}
