{
  "translation": [25630.20652895775, 30489.455228264975, 22716.044661011987],
  "rotation_matrix": [
    1.0000005868467585, 0.0014871634074038863, 0.0, -0.0014871634074038863,
    1.0000005868467585, -0.0, -0.0, 0.0, 1.0000016926729982
  ],
  "scale": 1.0000016926729982,
  "full_dataset": "LADAF-2020-27_kidney_left_complete-organ_25.08um_bm05",
  "roi_datset": "LADAF-2020-27_kidney_left_central-column_6.05um_bm05",
  "full_size": [98, 98, 32],
  "roi_size": [406, 406, 132]
}
