{
  "translation": [38954.51161388166, 42567.329709937, 60016.58088124594],
  "rotation_matrix": [
    0.9999464284020458, 0.005515740684517383, 0.0, -0.005515740684517383,
    0.9999464284020458, -0.0, -0.0, 0.0, 0.9999616407989392
  ],
  "scale": 0.9999616407989392,
  "full_dataset": "A135_lung_complete-organ_10.005um_bm18",
  "roi_datset": "A135_lung_VOI-01_2.0um_bm18",
  "full_size": [98, 98, 32],
  "roi_size": [490, 490, 160]
}
