{
  "translation": [38954.3220245642, 42567.36016766693, 60016.55565116202],
  "rotation_matrix": [
    0.9999637266078699, 0.005741791368298888, 0.0, -0.005741791368298888,
    0.9999637266078699, -0.0, -0.0, 0.0, 0.9999802111540087
  ],
  "scale": 0.9999802111540087,
  "full_dataset": "A135_lung_complete-organ_10.005um_bm18",
  "roi_datset": "A135_lung_VOI-01_2.0um_bm18",
  "full_size": [104, 104, 32],
  "roi_size": [520, 520, 160]
}
