{
  "translation": [25632.087261493867, 30493.758516555867, 22710.46679268692],
  "rotation_matrix": [
    0.9999984244926508, 0.002413403729772962, 0.0, -0.002413403729772962,
    0.9999984244926508, -0.0, -0.0, 0.0, 1.00000133675178
  ],
  "scale": 1.00000133675178,
  "full_dataset": "LADAF-2020-27_kidney_left_complete-organ_25.08um_bm05",
  "roi_datset": "LADAF-2020-27_kidney_left_central-column_6.05um_bm05",
  "full_size": [74, 74, 32],
  "roi_size": [308, 308, 132]
}
