{
  "translation": [25620.277371627253, 30503.05975702045, 22703.59874465261],
  "rotation_matrix": [
    1.0000209559728914, -6.832607757250285e-5, 0.0, 6.832607757250285e-5,
    1.0000209559728914, 0.0, 0.0, 0.0, 1.000020958307069
  ],
  "scale": 1.000020958307069,
  "full_dataset": "LADAF-2020-27_kidney_left_complete-organ_25.08um_bm05",
  "roi_datset": "LADAF-2020-27_kidney_left_central-column_6.05um_bm05",
  "full_size": [42, 42, 32],
  "roi_size": [174, 174, 132]
}
