{
  "translation": [25630.86580899443, 30494.126439911215, 22708.371723007225],
  "rotation_matrix": [
    0.9999966623510969, 0.0033084900181682042, 0.0, -0.0033084900181682042,
    0.9999966623510969, -0.0, -0.0, 0.0, 1.000002135407487
  ],
  "scale": 1.000002135407487,
  "full_dataset": "LADAF-2020-27_kidney_left_complete-organ_25.08um_bm05",
  "roi_datset": "LADAF-2020-27_kidney_left_central-column_6.05um_bm05",
  "full_size": [72, 72, 32],
  "roi_size": [298, 298, 132]
}
