{
  "translation": [98932.54003531567, 84371.3893232195, 51162.49599359762],
  "rotation_matrix": [
    0.9856559487067296, 0.1687746442488074, 0.0, -0.1687746442488074,
    0.9856559487067296, -0.0, -0.0, 0.0, 1.0000012648803374
  ],
  "scale": 1.0000012648803374,
  "full_dataset": "LADAF-2020-27_heart_complete-organ_19.89um_bm18",
  "roi_datset": "LADAF-2020-27_heart_ROI-02_6.5um_bm18",
  "full_size": [88, 88, 32],
  "roi_size": [268, 268, 96]
}
