{
  "translation": [98935.66275842245, 84367.03087004252, 51162.91915701686],
  "rotation_matrix": [
    0.9853812688109482, 0.17038128689321566, 0.0, -0.17038128689321566,
    0.9853812688109482, -0.0, -0.0, 0.0, 1.0000030139188893
  ],
  "scale": 1.0000030139188893,
  "full_dataset": "LADAF-2020-27_heart_complete-organ_19.89um_bm18",
  "roi_datset": "LADAF-2020-27_heart_ROI-02_6.5um_bm18",
  "full_size": [54, 54, 32],
  "roi_size": [164, 164, 96]
}
