{
  "translation": [25626.986286297837, 30497.094107379125, 22706.740352236244],
  "rotation_matrix": [
    1.0000060667797706, 0.00134611285287344, 0.0, -0.00134611285287344,
    1.0000060667797706, -0.0, -0.0, 0.0, 1.00000697278377
  ],
  "scale": 1.00000697278377,
  "full_dataset": "LADAF-2020-27_kidney_left_complete-organ_25.08um_bm05",
  "roi_datset": "LADAF-2020-27_kidney_left_central-column_6.05um_bm05",
  "full_size": [78, 78, 32],
  "roi_size": [324, 324, 132]
}
