{
  "translation": [98932.41273578751, 84372.42724564727, 51162.47032102875],
  "rotation_matrix": [
    0.986098600647819, 0.16617765765561782, 0.0, -0.16617765765561782,
    0.986098600647819, -0.0, -0.0, 0.0, 1.0000027320480152
  ],
  "scale": 1.0000027320480152,
  "full_dataset": "LADAF-2020-27_heart_complete-organ_19.89um_bm18",
  "roi_datset": "LADAF-2020-27_heart_ROI-02_6.5um_bm18",
  "full_size": [92, 92, 32],
  "roi_size": [280, 280, 96]
}
