{
  "translation": [38898.689216161045, 42623.7610145108, 60024.98358510138],
  "rotation_matrix": [
    0.9729815226560782, -0.2309248891250733, 0.0, 0.2309248891250733,
    0.9729815226560782, 0.0, 0.0, 0.0, 1.000009673876992
  ],
  "scale": 1.000009673876992,
  "full_dataset": "A135_lung_complete-organ_10.005um_bm18",
  "roi_datset": "A135_lung_VOI-01_2.0um_bm18",
  "full_size": [48, 48, 32],
  "roi_size": [240, 240, 160]
}
