{
  "translation": [98934.47449246689, 84368.71641076237, 51162.65590551344],
  "rotation_matrix": [
    0.9863173006010182, 0.16487002230211337, 0.0, -0.16487002230211337,
    0.9863173006010182, -0.0, -0.0, 0.0, 1.0000019708574472
  ],
  "scale": 1.0000019708574472,
  "full_dataset": "LADAF-2020-27_heart_complete-organ_19.89um_bm18",
  "roi_datset": "LADAF-2020-27_heart_ROI-02_6.5um_bm18",
  "full_size": [44, 44, 32],
  "roi_size": [134, 134, 96]
}
