{
  "translation": [38953.85861807924, 42567.115937862, 60016.48277880052],
  "rotation_matrix": [
    0.9999773911967624, 0.0058827675015352635, 0.0, -0.0058827675015352635,
    0.9999773911967624, -0.0, -0.0, 0.0, 0.9999946949150079
  ],
  "scale": 0.9999946949150079,
  "full_dataset": "A135_lung_complete-organ_10.005um_bm18",
  "roi_datset": "A135_lung_VOI-01_2.0um_bm18",
  "full_size": [114, 114, 32],
  "roi_size": [570, 570, 160]
}
