{
  "translation": [98934.2626801192, 84367.8940828024, 51163.01805395155],
  "rotation_matrix": [
    0.9855844264366274, 0.16916620322389161, 0.0, -0.16916620322389161,
    0.9855844264366274, -0.0, -0.0, 0.0, 0.9999969329690981
  ],
  "scale": 0.9999969329690981,
  "full_dataset": "LADAF-2020-27_heart_complete-organ_19.89um_bm18",
  "roi_datset": "LADAF-2020-27_heart_ROI-02_6.5um_bm18",
  "full_size": [48, 48, 32],
  "roi_size": [146, 146, 96]
}
