{
  "translation": [25641.660000000003, 30488.039999999997, 22698.499999999993],
  "rotation_matrix": [1.0, 0.0, 0.0, 0.0, 1.0, 0.0, 0.0, 0.0, 1.0],
  "scale": 1.0,
  "full_dataset": "LADAF-2020-27_kidney_left_complete-organ_25.08um_bm05",
  "roi_datset": "LADAF-2020-27_kidney_left_central-column_6.05um_bm05",
  "full_size": [128, 128, 32],
  "roi_size": [530, 530, 132]
}
