{
  "translation": [25632.196019848885, 30492.145597210932, 22711.976288191534],
  "rotation_matrix": [
    1.0000011454899125, 0.0013021056826535069, 0.0, -0.0013021056826535069,
    1.0000011454899125, -0.0, -0.0, 0.0, 1.0000019932281865
  ],
  "scale": 1.0000019932281865,
  "full_dataset": "LADAF-2020-27_kidney_left_complete-organ_25.08um_bm05",
  "roi_datset": "LADAF-2020-27_kidney_left_central-column_6.05um_bm05",
  "full_size": [96, 96, 32],
  "roi_size": [398, 398, 132]
}
