{
  "translation": [38954.13590891209, 42567.34810436161, 60016.213701894434],
  "rotation_matrix": [
    0.9999742458690426, 0.005649124179823839, 0.0, -0.005649124179823839,
    0.9999742458690426, -0.0, -0.0, 0.0, 0.9999902024546837
  ],
  "scale": 0.9999902024546837,
  "full_dataset": "A135_lung_complete-organ_10.005um_bm18",
  "roi_datset": "A135_lung_VOI-01_2.0um_bm18",
  "full_size": [110, 110, 32],
  "roi_size": [550, 550, 160]
}
