{
  "translation": [38903.37197386748, 42615.48562935223, 60022.307509152895],
  "rotation_matrix": [
    0.9703925269752903, -0.24160389868247115, 0.0, 0.24160389868247115,
    0.9703925269752903, 0.0, 0.0, 0.0, 1.0000170499886787
  ],
  "scale": 1.0000170499886787,
  "full_dataset": "A135_lung_complete-organ_10.005um_bm18",
  "roi_datset": "A135_lung_VOI-01_2.0um_bm18",
  "full_size": [52, 52, 32],
  "roi_size": [260, 260, 160]
}
