{
  "translation": [98935.19847637795, 84368.39576984267, 51162.86482790262],
  "rotation_matrix": [
    0.9860851100110398, 0.1662409303508175, 0.0, -0.1662409303508175,
    0.9860851100110398, -0.0, -0.0, 0.0, 0.9999999455546934
  ],
  "scale": 0.9999999455546934,
  "full_dataset": "LADAF-2020-27_heart_complete-organ_19.89um_bm18",
  "roi_datset": "LADAF-2020-27_heart_ROI-02_6.5um_bm18",
  "full_size": [36, 36, 32],
  "roi_size": [110, 110, 96]
}
