{
  "translation": [98935.29511207645, 84366.6028555847, 51162.50214347291],
  "rotation_matrix": [
    0.985302676958111, 0.17082909031866045, 0.0, -0.17082909031866045,
    0.985302676958111, -0.0, -0.0, 0.0, 1.0000019716580166
  ],
  "scale": 1.0000019716580166,
  "full_dataset": "LADAF-2020-27_heart_complete-organ_19.89um_bm18",
  "roi_datset": "LADAF-2020-27_heart_ROI-02_6.5um_bm18",
  "full_size": [62, 62, 32],
  "roi_size": [190, 190, 96]
}
