{
  "translation": [38954.3951858891, 42567.3226288228, 60016.299092289955],
  "rotation_matrix": [
    0.9999448806648177, 0.005781516276168589, 0.0, -0.005781516276168589,
    0.9999448806648177, -0.0, -0.0, 0.0, 0.9999615944116194
  ],
  "scale": 0.9999615944116194,
  "full_dataset": "A135_lung_complete-organ_10.005um_bm18",
  "roi_datset": "A135_lung_VOI-01_2.0um_bm18",
  "full_size": [100, 100, 32],
  "roi_size": [500, 500, 160]
}
