{
  "translation": [98932.4705287511, 84368.44326168466, 51162.63616129542],
  "rotation_matrix": [
    0.9856953454020715, 0.16853800288083, 0.0, -0.16853800288083,
    0.9856953454020715, -0.0, -0.0, 0.0, 1.0000001861811665
  ],
  "scale": 1.0000001861811665,
  "full_dataset": "LADAF-2020-27_heart_complete-organ_19.89um_bm18",
  "roi_datset": "LADAF-2020-27_heart_ROI-02_6.5um_bm18",
  "full_size": [122, 122, 32],
  "roi_size": [372, 372, 96]
}
