{
  "translation": [38954.65566084445, 42567.43121248039, 60016.18059997037],
  "rotation_matrix": [
    0.9999761587964131, 0.005911905866338189, 0.0, -0.005911905866338189,
    0.9999761587964131, -0.0, -0.0, 0.0, 0.9999936343758402
  ],
  "scale": 0.9999936343758402,
  "full_dataset": "A135_lung_complete-organ_10.005um_bm18",
  "roi_datset": "A135_lung_VOI-01_2.0um_bm18",
  "full_size": [118, 118, 32],
  "roi_size": [590, 590, 160]
}
