{
  "translation": [25621.64676341217, 30501.696984473976, 22706.495467150373],
  "rotation_matrix": [
    1.0000038033680076, -0.0042740191409830685, 0.0, 0.0042740191409830685,
    1.0000038033680076, 0.0, 0.0, 0.0, 1.0000129369113673
  ],
  "scale": 1.0000129369113673,
  "full_dataset": "LADAF-2020-27_kidney_left_complete-organ_25.08um_bm05",
  "roi_datset": "LADAF-2020-27_kidney_left_central-column_6.05um_bm05",
  "full_size": [26, 26, 32],
  "roi_size": [108, 108, 132]
}
