{
  "translation": [98934.41675471688, 84367.36766414075, 51162.52827348994],
  "rotation_matrix": [
    0.9855931309736545, 0.1691647411372247, 0.0, -0.1691647411372247,
    0.9855931309736545, -0.0, -0.0, 0.0, 1.0000052647193791
  ],
  "scale": 1.0000052647193791,
  "full_dataset": "LADAF-2020-27_heart_complete-organ_19.89um_bm18",
  "roi_datset": "LADAF-2020-27_heart_ROI-02_6.5um_bm18",
  "full_size": [68, 68, 32],
  "roi_size": [208, 208, 96]
}
