{
  "translation": [25630.927965588795, 30493.39082230501, 22710.271474400077],
  "rotation_matrix": [
    0.9999987412344691, 0.0016608877349717371, 0.0, -0.0016608877349717371,
    0.9999987412344691, -0.0, -0.0, 0.0, 1.000000120509288
  ],
  "scale": 1.000000120509288,
  "full_dataset": "LADAF-2020-27_kidney_left_complete-organ_25.08um_bm05",
  "roi_datset": "LADAF-2020-27_kidney_left_central-column_6.05um_bm05",
  "full_size": [66, 66, 32],
  "roi_size": [274, 274, 132]
}
