{
  "translation": [25631.643596308455, 30493.046376997907, 22710.231053025665],
  "rotation_matrix": [
    0.9999997122829603, 0.0007449861070807705, 0.0, -0.0007449861070807705,
    0.9999997122829603, -0.0, -0.0, 0.0, 0.9999999897851514
  ],
  "scale": 0.9999999897851514,
  "full_dataset": "LADAF-2020-27_kidney_left_complete-organ_25.08um_bm05",
  "roi_datset": "LADAF-2020-27_kidney_left_central-column_6.05um_bm05",
  "full_size": [64, 64, 32],
  "roi_size": [264, 264, 132]
}
