{
  "translation": [25624.474652941597, 30499.68176879275, 22704.958004342257],
  "rotation_matrix": [
    1.0000040004543038, 0.002442015307909747, 0.0, -0.002442015307909747,
    1.0000040004543038, -0.0, -0.0, 0.0, 1.0000069821573125
  ],
  "scale": 1.0000069821573125,
  "full_dataset": "LADAF-2020-27_kidney_left_complete-organ_25.08um_bm05",
  "roi_datset": "LADAF-2020-27_kidney_left_central-column_6.05um_bm05",
  "full_size": [52, 52, 32],
  "roi_size": [216, 216, 132]
}
