{
  "translation": [38899.30598131894, 42627.42289168595, 60028.12068231217],
  "rotation_matrix": [
    0.9777565431949159, -0.2097493474701386, 0.0, 0.2097493474701386,
    0.9777565431949159, 0.0, 0.0, 0.0, 1.0000013232614346
  ],
  "scale": 1.0000013232614346,
  "full_dataset": "A135_lung_complete-organ_10.005um_bm18",
  "roi_datset": "A135_lung_VOI-01_2.0um_bm18",
  "full_size": [46, 46, 32],
  "roi_size": [230, 230, 160]
}
