{
  "translation": [38954.48328757931, 42567.31706718173, 60017.9650184577],
  "rotation_matrix": [
    1.0000609982744406, 0.003742715218451349, 0.0, -0.003742715218451349,
    1.0000609982744406, -0.0, -0.0, 0.0, 1.0000680017813175
  ],
  "scale": 1.0000680017813175,
  "full_dataset": "A135_lung_complete-organ_10.005um_bm18",
  "roi_datset": "A135_lung_VOI-01_2.0um_bm18",
  "full_size": [76, 76, 32],
  "roi_size": [380, 380, 160]
}
