{
  "translation": [25632.170813615798, 30495.23683791764, 22711.597192400008],
  "rotation_matrix": [
    0.9999997088908036, -0.0008668015799455161, 0.0, 0.0008668015799455161,
    0.9999997088908036, 0.0, 0.0, 0.0, 1.000000084563332
  ],
  "scale": 1.000000084563332,
  "full_dataset": "LADAF-2020-27_kidney_left_complete-organ_25.08um_bm05",
  "roi_datset": "LADAF-2020-27_kidney_left_central-column_6.05um_bm05",
  "full_size": [62, 62, 32],
  "roi_size": [258, 258, 132]
}
