{
  "translation": [98933.35742196714, 84369.38195775394, 51164.335177252484],
  "rotation_matrix": [
    0.9857984948541825, 0.1679330803496874, 0.0, -0.1679330803496874,
    0.9857984948541825, -0.0, -0.0, 0.0, 1.0000000959662485
  ],
  "scale": 1.0000000959662485,
  "full_dataset": "LADAF-2020-27_heart_complete-organ_19.89um_bm18",
  "roi_datset": "LADAF-2020-27_heart_ROI-02_6.5um_bm18",
  "full_size": [128, 128, 32],
  "roi_size": [390, 390, 96]
}
