{
  "translation": [38954.660450278134, 42567.64926307495, 60017.50069499525],
  "rotation_matrix": [
    1.0000015763277763, 0.004892321214242467, 0.0, -0.004892321214242467,
    1.0000015763277763, -0.0, -0.0, 0.0, 1.0000135436407351
  ],
  "scale": 1.0000135436407351,
  "full_dataset": "A135_lung_complete-organ_10.005um_bm18",
  "roi_datset": "A135_lung_VOI-01_2.0um_bm18",
  "full_size": [82, 82, 32],
  "roi_size": [410, 410, 160]
}
