{
  "translation": [38954.65238688991, 42567.471578427925, 60017.567759187594],
  "rotation_matrix": [
    1.0000675345716317, 0.00379557915753161, 0.0, -0.00379557915753161,
    1.0000675345716317, -0.0, -0.0, 0.0, 1.0000747372698318
  ],
  "scale": 1.0000747372698318,
  "full_dataset": "A135_lung_complete-organ_10.005um_bm18",
  "roi_datset": "A135_lung_VOI-01_2.0um_bm18",
  "full_size": [78, 78, 32],
  "roi_size": [390, 390, 160]
}
