{
  "translation": [98934.3621036533, 84370.05739014022, 51163.4887149112],
  "rotation_matrix": [
    0.9853358442950053, 0.1706174374699561, 0.0, -0.1706174374699561,
    0.9853358442950053, -0.0, -0.0, 0.0, 0.9999985180095845
  ],
  "scale": 0.9999985180095845,
  "full_dataset": "LADAF-2020-27_heart_complete-organ_19.89um_bm18",
  "roi_datset": "LADAF-2020-27_heart_ROI-02_6.5um_bm18",
  "full_size": [58, 58, 32],
  "roi_size": [176, 176, 96]
}
