{
  "translation": [98931.9778354105, 84371.19863488463, 51162.89438786259],
  "rotation_matrix": [
    0.9858687869902761, 0.16751752669464393, 0.0, -0.16751752669464393,
    0.9858687869902761, -0.0, -0.0, 0.0, 0.9999996934557376
  ],
  "scale": 0.9999996934557376,
  "full_dataset": "LADAF-2020-27_heart_complete-organ_19.89um_bm18",
  "roi_datset": "LADAF-2020-27_heart_ROI-02_6.5um_bm18",
  "full_size": [126, 126, 32],
  "roi_size": [384, 384, 96]
}
