{
  "translation": [25626.368073509384, 30498.6286187707, 22707.161335467154],
  "rotation_matrix": [
    1.0000052756133622, 0.0006751362812986008, 0.0, -0.0006751362812986008,
    1.0000052756133622, -0.0, -0.0, 0.0, 1.000005503516633
  ],
  "scale": 1.000005503516633,
  "full_dataset": "LADAF-2020-27_kidney_left_complete-organ_25.08um_bm05",
  "roi_datset": "LADAF-2020-27_kidney_left_central-column_6.05um_bm05",
  "full_size": [58, 58, 32],
  "roi_size": [240, 240, 132]
}
