{
  "translation": [38954.36738605552, 42567.594578903976, 60015.937876173084],
  "rotation_matrix": [
    0.9999645431827237, 0.006192807035545605, 0.0, -0.006192807035545605,
    0.9999645431827237, -0.0, -0.0, 0.0, 0.9999837191082727
  ],
  "scale": 0.9999837191082727,
  "full_dataset": "A135_lung_complete-organ_10.005um_bm18",
  "roi_datset": "A135_lung_VOI-01_2.0um_bm18",
  "full_size": [112, 112, 32],
  "roi_size": [560, 560, 160]
}
