{
  "translation": [38953.918292633956, 42568.036132895904, 60019.82750388149],
  "rotation_matrix": [
    1.0002013494844946, 0.0004119755584738353, 0.0, -0.0004119755584738353,
    1.0002013494844946, -0.0, -0.0, 0.0, 1.000201434329338
  ],
  "scale": 1.000201434329338,
  "full_dataset": "A135_lung_complete-organ_10.005um_bm18",
  "roi_datset": "A135_lung_VOI-01_2.0um_bm18",
  "full_size": [40, 40, 32],
  "roi_size": [200, 200, 160]
}
