{
  "translation": [38954.32118786058, 42567.32180098832, 60016.7549490651],
  "rotation_matrix": [
    0.9999822828968943, 0.006520563632162861, 0.0, -0.006520563632162861,
    0.9999822828968943, -0.0, -0.0, 0.0, 1.00000354192261
  ],
  "scale": 1.00000354192261,
  "full_dataset": "A135_lung_complete-organ_10.005um_bm18",
  "roi_datset": "A135_lung_VOI-01_2.0um_bm18",
  "full_size": [92, 92, 32],
  "roi_size": [460, 460, 160]
}
