{
  "translation": [98933.52258842738, 84367.58955731569, 51163.63707787936],
  "rotation_matrix": [
    0.9856777056937369, 0.1686528561719892, 0.0, -0.1686528561719892,
    0.9856777056937369, -0.0, -0.0, 0.0, 1.0000021626959807
  ],
  "scale": 1.0000021626959807,
  "full_dataset": "LADAF-2020-27_heart_complete-organ_19.89um_bm18",
  "roi_datset": "LADAF-2020-27_heart_ROI-02_6.5um_bm18",
  "full_size": [86, 86, 32],
  "roi_size": [262, 262, 96]
}
