{
  "translation": [38954.31672108209, 42567.57068447135, 60016.19931539017],
  "rotation_matrix": [
    0.9999773498566201, 0.006208165122585114, 0.0, -0.006208165122585114,
    0.9999773498566201, -0.0, -0.0, 0.0, 0.9999966207645197
  ],
  "scale": 0.9999966207645197,
  "full_dataset": "A135_lung_complete-organ_10.005um_bm18",
  "roi_datset": "A135_lung_VOI-01_2.0um_bm18",
  "full_size": [126, 126, 32],
  "roi_size": [630, 630, 160]
}
