{
  "translation": [98939.6642102706, 84366.2986405197, 51161.044423994506],
  "rotation_matrix": [
    0.9826975600916507, 0.18490189561341255, 0.0, -0.18490189561341255,
    0.9826975600916507, -0.0, -0.0, 0.0, 0.9999416011005426
  ],
  "scale": 0.9999416011005426,
  "full_dataset": "LADAF-2020-27_heart_complete-organ_19.89um_bm18",
  "roi_datset": "LADAF-2020-27_heart_ROI-02_6.5um_bm18",
  "full_size": [24, 24, 32],
  "roi_size": [72, 72, 96]
}
