{
  "translation": [98933.02703275408, 84368.59339806538, 51163.359334577006],
  "rotation_matrix": [
    0.9858609790482765, 0.16756487206387755, 0.0, -0.16756487206387755,
    0.9858609790482765, -0.0, -0.0, 0.0, 0.9999999281799024
  ],
  "scale": 0.9999999281799024,
  "full_dataset": "LADAF-2020-27_heart_complete-organ_19.89um_bm18",
  "roi_datset": "LADAF-2020-27_heart_ROI-02_6.5um_bm18",
  "full_size": [108, 108, 32],
  "roi_size": [330, 330, 96]
}
