{
  "translation": [38897.64569436312, 42628.215648974, 60032.93605043762],
  "rotation_matrix": [
    0.878808905027979, 0.47719865121400235, 0.0, -0.47719865121400235,
    0.878808905027979, -0.0, -0.0, 0.0, 1.0000118220685885
  ],
  "scale": 1.0000118220685885,
  "full_dataset": "A135_lung_complete-organ_10.005um_bm18",
  "roi_datset": "A135_lung_VOI-01_2.0um_bm18",
  "full_size": [32, 32, 32],
  "roi_size": [160, 160, 160]
}
