{
  "translation": [98937.11308554727, 84364.63341699327, 51162.44835948921],
  "rotation_matrix": [
    0.9835029484046374, 0.18100132172237604, 0.0, -0.18100132172237604,
    0.9835029484046374, -0.0, -0.0, 0.0, 1.0000197637976271
  ],
  "scale": 1.0000197637976271,
  "full_dataset": "LADAF-2020-27_heart_complete-organ_19.89um_bm18",
  "roi_datset": "LADAF-2020-27_heart_ROI-02_6.5um_bm18",
  "full_size": [28, 28, 32],
  "roi_size": [84, 84, 96]
}
