{
  "translation": [38954.64032596421, 42567.284465292694, 60016.68051089195],
  "rotation_matrix": [
    0.9999710056753439, 0.00620531999966766, 0.0, -0.00620531999966766,
    0.9999710056753439, -0.0, -0.0, 0.0, 0.9999902590463854
  ],
  "scale": 0.9999902590463854,
  "full_dataset": "A135_lung_complete-organ_10.005um_bm18",
  "roi_datset": "A135_lung_VOI-01_2.0um_bm18",
  "full_size": [96, 96, 32],
  "roi_size": [480, 480, 160]
}
