{
  "translation": [38900.663896176724, 42622.26777203797, 60024.867184040486],
  "rotation_matrix": [
    0.8268616539591145, 0.5625545367344497, 0.0, -0.5625545367344497,
    0.8268616539591145, -0.0, -0.0, 0.0, 1.0000838972748805
  ],
  "scale": 1.0000838972748805,
  "full_dataset": "A135_lung_complete-organ_10.005um_bm18",
  "roi_datset": "A135_lung_VOI-01_2.0um_bm18",
  "full_size": [22, 22, 32],
  "roi_size": [110, 110, 160]
}
