{
  "translation": [38899.35080688345, 42625.04159620242, 60025.58923723127],
  "rotation_matrix": [
    0.9793275553422287, 0.2023648934378711, 0.0, -0.2023648934378711,
    0.9793275553422287, -0.0, -0.0, 0.0, 1.0000170052297646
  ],
  "scale": 1.0000170052297646,
  "full_dataset": "A135_lung_complete-organ_10.005um_bm18",
  "roi_datset": "A135_lung_VOI-01_2.0um_bm18",
  "full_size": [44, 44, 32],
  "roi_size": [220, 220, 160]
}
